ra_start,dec_start,ra_end,dec_end,colour,width,constellation
206.8856088,49.31330288,200.980916,54.92541525,6B77FF7F,1.0,UMa
200.980916,54.92541525,193.5068041,55.95984301,6B77FF7F,1.0,UMa
193.5068041,55.95984301,183.856038,57.03259792,6B77FF7F,1.0,UMa
183.856038,57.03259792,178.4572554,53.69473296,6B77FF7F,1.0,UMa
178.4572554,53.69473296,165.4599615,56.38234478,6B77FF7F,1.0,UMa
165.4599615,56.38234478,165.9326537,61.75111888,6B77FF7F,1.0,UMa
165.9326537,61.75111888,183.856038,57.03259792,6B77FF7F,1.0,UMa